Employee Name,Employee Email,Secret Child Name,Secret Child Email
Isabella Scott,isabella.scott@acme.com,Mark Lawrence,mark.lawrence@acme.com
Mark Lawrence,mark.lawrence@acme.com,Isabella Scott,isabella.scott@acme.com
Matthew King,matthew.king.jr@acme.com,Charlie Ross,charlie.ross.jr@acme.com
Benjamin Collins,benjamin.collins@acme.com,Matthew King,matthew.king.jr@acme.com
Piper Stewart,piper.stewart@acme.com,Benjamin Collins,benjamin.collins@acme.com
Matthew King,matthew.king@acme.com,Piper Stewart,piper.stewart@acme.com
Ethan Murray,ethan.murray@acme.com,Hamish Murray,hamish.murray.sr@acme.com
Layla Graham,layla.graham@acme.com,Ethan Murray,ethan.murray@acme.com
Hamish Murray,hamish.murray.jr@acme.com,Layla Graham,layla.graham@acme.com
Charlie Wright,charlie.wright@acme.com,Spencer Allen,spencer.allen@acme.com
Hamish Murray,hamish.murray@acme.com,Charlie Wright,charlie.wright@acme.com
